{
    "metrics": {
        "http_req_sending": {
            "avg": 0.004465491610388731,
            "min": 0.001,
            "med": 0.003,
            "max": 1.58,
            "p(90)": 0.006,
            "p(95)": 0.007
        },
        "http_reqs{name:GET /itineraries}": {
            "count": 150000,
            "rate": 4884.411858687713,
            "thresholds": {
                "count>=0": false
            }
        },
        "http_reqs": {
            "count": 150007,
            "rate": 4884.639797907785
        },
        "http_req_waiting": {
            "p(90)": 1.054,
            "p(95)": 1.162,
            "avg": 1.0831284273400743,
            "min": 0.642,
            "med": 0.908,
            "max": 677.37
        },
        "data_sent": {
            "rate": 791319.1692553235,
            "count": 24301365
        },
        "data_received": {
            "rate": 3126121.1149835815,
            "count": 96002995
        },
        "vus_max": {
            "value": 1000,
            "min": 1000,
            "max": 1000
        },
        "http_req_failed{name:GET /itineraries}": {
            "passes": 0,
            "fails": 150000,
            "thresholds": {
                "rate>=0": false
            },
            "value": 0
        },
        "iterations": {
            "rate": 4884.411858687713,
            "count": 150000
        },
        "http_req_blocked": {
            "p(95)": 0.002,
            "avg": 0.00373476571091441,
            "min": 0,
            "med": 0.001,
            "max": 18.517,
            "p(90)": 0.002
        },
        "http_req_tls_handshaking": {
            "med": 0,
            "max": 0,
            "p(90)": 0,
            "p(95)": 0,
            "avg": 0,
            "min": 0
        },
        "http_req_duration": {
            "p(95)": 1.18,
            "avg": 1.0988216949875769,
            "min": 0.654,
            "med": 0.923,
            "max": 677.44,
            "p(90)": 1.07
        },
        "checks": {
            "passes": 150000,
            "fails": 0,
            "value": 1
        },
        "vus": {
            "value": 5,
            "min": 4,
            "max": 6
        },
        "http_req_failed": {
            "fails": 150007,
            "passes": 0,
            "thresholds": {
                "rate<0.01": false
            },
            "value": 0
        },
        "http_req_duration{name:GET /itineraries}": {
            "avg": 1.0942145200000097,
            "min": 0.654,
            "med": 0.923,
            "max": 44.152,
            "p(90)": 1.07,
            "p(95)": 1.18,
            "thresholds": {
                "p(95)>=0": false
            }
        },
        "http_req_connecting": {
            "avg": 0.002463518369142767,
            "min": 0,
            "med": 0,
            "max": 18.507,
            "p(90)": 0,
            "p(95)": 0
        },
        "http_req_receiving": {
            "p(95)": 0.018,
            "avg": 0.011227776037115219,
            "min": 0.004,
            "med": 0.01,
            "max": 4.692,
            "p(90)": 0.014
        },
        "http_req_duration{expected_response:true}": {
            "med": 0.923,
            "max": 677.44,
            "p(90)": 1.07,
            "p(95)": 1.18,
            "avg": 1.0988216949875769,
            "min": 0.654
        },
        "iteration_duration": {
            "avg": 1.127847614200006,
            "min": 0.674916,
            "med": 0.9515,
            "max": 44.613917,
            "p(90)": 1.103041,
            "p(95)": 1.213417
        }
    },
    "setup_data": {
        "pool": [
            {
                "itineraryId": "aa65597f-3735-45c1-abf5-e811a58bf7a3",
                "reservationId": null,
                "roomId": "4f46f908-210d-4300-8cd3-79a3921cea57"
            }
        ],
        "token": "dev-load-test-user"
    },
    "root_group": {
        "name": "",
        "path": "",
        "id": "d41d8cd98f00b204e9800998ecf8427e",
        "groups": {},
        "checks": {
                "200": {
                    "id": "4230b0c1b1cb609da348fcf04ffd96f4",
                    "passes": 150000,
                    "fails": 0,
                    "name": "200",
                    "path": "::200"
                }
            }
    }
}